{"cameraMode":{"drawMode":0,"name":"Shaded","section":"Shading Mode"},"sceneLighting":true,"audioPlay":false,"sceneViewState":{"m_AlwaysRefresh":false,"showFog":true,"showSkybox":true,"showFlares":true,"showImageEffects":true,"showParticleSystems":true,"showVisualEffectGraphs":true,"m_FxEnabled":true},"in2DMode":false,"pivot":{"x":0.049079522490501407,"y":0.9187921285629273,"z":-0.7609016299247742},"rotation":{"x":-0.009304502047598362,"y":-0.03389512374997139,"z":0.0003165696398355067,"w":-0.9993904232978821},"size":1.1180859804153443,"orthographic":false}