{"cameraMode":{"drawMode":0,"name":"Shaded","section":"Shading Mode"},"sceneLighting":true,"audioPlay":false,"sceneViewState":{"m_AlwaysRefresh":false,"showFog":true,"showSkybox":true,"showFlares":true,"showImageEffects":true,"showParticleSystems":true,"showVisualEffectGraphs":true,"m_FxEnabled":true},"in2DMode":false,"pivot":{"x":-0.0253166351467371,"y":0.8593763709068298,"z":-0.8092910647392273},"rotation":{"x":0.038679856806993487,"y":0.006592220161110163,"z":0.0002561992732807994,"w":-0.9992371797561646},"size":0.6575793623924255,"orthographic":false}