{"cameraMode":{"drawMode":0,"name":"Shaded","section":"Shading Mode"},"sceneLighting":true,"audioPlay":false,"sceneViewState":{"m_AlwaysRefresh":false,"showFog":true,"showSkybox":true,"showFlares":true,"showImageEffects":true,"showParticleSystems":true,"showVisualEffectGraphs":true,"m_FxEnabled":true},"in2DMode":false,"pivot":{"x":3.2268643379211427,"y":0.8594741821289063,"z":8.3078031539917},"rotation":{"x":0.015099014155566693,"y":0.16511750221252442,"z":-0.002527856267988682,"w":0.9861595630645752},"size":6.591073989868164,"orthographic":false}