{"cameraMode":{"drawMode":0,"name":"Shaded","section":"Shading Mode"},"sceneLighting":true,"audioPlay":false,"sceneViewState":{"m_AlwaysRefresh":false,"showFog":true,"showSkybox":true,"showFlares":true,"showImageEffects":true,"showParticleSystems":true,"showVisualEffectGraphs":true,"m_FxEnabled":true},"in2DMode":false,"pivot":{"x":-0.5678660273551941,"y":0.5544241070747376,"z":-1.4028042554855347},"rotation":{"x":-0.045950185507535937,"y":0.3071729838848114,"z":-0.014850054867565632,"w":-0.9504302740097046},"size":0.637637734413147,"orthographic":false}