{"cameraMode":{"drawMode":0,"name":"Shaded","section":"Shading Mode"},"sceneLighting":true,"audioPlay":false,"sceneViewState":{"m_AlwaysRefresh":false,"showFog":true,"showSkybox":true,"showFlares":true,"showImageEffects":true,"showParticleSystems":true,"showVisualEffectGraphs":true,"m_FxEnabled":true},"in2DMode":false,"pivot":{"x":-0.03927820920944214,"y":0.7032737135887146,"z":-1.469959020614624},"rotation":{"x":-0.11108098179101944,"y":-0.0023882139939814808,"z":0.0002628511574584991,"w":-0.993817925453186},"size":0.2788916528224945,"orthographic":false}