{"cameraMode":{"drawMode":0,"name":"Shaded","section":"Shading Mode"},"sceneLighting":true,"audioPlay":false,"sceneViewState":{"m_AlwaysRefresh":false,"showFog":true,"showSkybox":true,"showFlares":true,"showImageEffects":true,"showParticleSystems":true,"showVisualEffectGraphs":true,"m_FxEnabled":true},"in2DMode":false,"pivot":{"x":0.027659567072987558,"y":0.8472238779067993,"z":-0.9464942216873169},"rotation":{"x":-0.17046597599983216,"y":-0.009757865220308304,"z":0.001687911688350141,"w":-0.9853200912475586},"size":0.8408322930335999,"orthographic":false}