{"cameraMode":{"drawMode":0,"name":"Shaded","section":"Shading Mode"},"sceneLighting":true,"audioPlay":false,"sceneViewState":{"m_AlwaysRefresh":false,"showFog":true,"showSkybox":true,"showFlares":true,"showImageEffects":true,"showParticleSystems":true,"showVisualEffectGraphs":true,"m_FxEnabled":true},"in2DMode":false,"pivot":{"x":6.121955871582031,"y":1.097328782081604,"z":-0.15183472633361817},"rotation":{"x":0.009720793925225735,"y":0.7102140784263611,"z":-0.009808290749788285,"w":0.7038540840148926},"size":5.750686168670654,"orthographic":false}