{"cameraMode":{"drawMode":0,"name":"Shaded","section":"Shading Mode"},"sceneLighting":true,"audioPlay":false,"sceneViewState":{"m_AlwaysRefresh":false,"showFog":true,"showSkybox":true,"showFlares":true,"showImageEffects":true,"showParticleSystems":true,"showVisualEffectGraphs":true,"m_FxEnabled":true},"in2DMode":false,"pivot":{"x":-0.2054862529039383,"y":0.41339582204818728,"z":-1.095660924911499},"rotation":{"x":-0.10638191550970078,"y":0.06468135863542557,"z":-0.006934733595699072,"w":-0.9922012090682983},"size":1.265216588973999,"orthographic":false}