{"cameraMode":{"drawMode":0,"name":"Shaded","section":"Shading Mode"},"sceneLighting":true,"audioPlay":false,"sceneViewState":{"m_AlwaysRefresh":false,"showFog":true,"showSkybox":true,"showFlares":true,"showImageEffects":true,"showParticleSystems":true,"showVisualEffectGraphs":true,"m_FxEnabled":true},"in2DMode":false,"pivot":{"x":0.01697680912911892,"y":0.45699751377105715,"z":-1.5255624055862427},"rotation":{"x":-0.07972417771816254,"y":-0.006880969274789095,"z":0.0005463046254590154,"w":-0.9968023300170898},"size":0.050764523446559909,"orthographic":false}